_id,Set,Number,Name,Color,Cmc,Mana,Type,Subtype(s)
6516e6e5b38546ba8e5e58ec,Limited Edition Alpha,,,,,,,
6516e6e5b38546ba8e5e58ed,Limited Edition Alpha,1,Animate Wall,White,1,{w},Enchantment,Aura
6516e6e5b38546ba8e5e58ee,Limited Edition Alpha,2,Armageddon,White,4,{3} {w},Sorcery,
6516e6e5b38546ba8e5e58ef,Limited Edition Alpha,3,Balance,White,2,{1} {w},Sorcery,
6516e6e5b38546ba8e5e58f0,Limited Edition Alpha,4,Benalish Hero,white,1,{w},Creature,Human Soldier
6516e6e5b38546ba8e5e58f1,Limited Edition Alpha,5,Black Ward,white,1,{w},Enchantment,Aura
6516e6e5b38546ba8e5e58f2,Limited Edition Alpha,6,Blaze of Glory,White,1,{w},Instant,
6516e6e5b38546ba8e5e58f3,Limited Edition Alpha,7,Blessing,White,2,{w} {w},Enchantment,Aura
6516e6e5b38546ba8e5e58f4,Limited Edition Alpha,8,Blue Ward,White,1,{w},Enchantment,Aura
6516e6e5b38546ba8e5e58f5,Limited Edition Alpha,9,Castle,White,4,{3} {w},Enchantment,
6516e6e5b38546ba8e5e58f6,Limited Edition Alpha,10,Circle of Protection: Blue,White,2,{1} {w},Enchantment,
6516e6e5b38546ba8e5e58f7,Limited Edition Alpha,11,Circle of Protection: Green,White,2,{1} {w},Enchantment,
6516e6e5b38546ba8e5e58f8,Limited Edition Alpha,12,Circle of Protection: Red,White,2,{1} {w},Enchantment,
6516e6e5b38546ba8e5e58f9,Limited Edition Alpha,13,Circle of Protection: White,White,2,{1} {w},Enchantment,
6516e6e5b38546ba8e5e58fa,Limited Edition Alpha,14,Consecrate Land,White,1,{w},Enchantment,Aura
6516e6e5b38546ba8e5e58fb,Limited Edition Alpha,15,Conversion,White,4,{2} {w} {w},Enchantment,
6516e6e5b38546ba8e5e58fc,Limited Edition Alpha,16,Crusade,White,2,{w} {w},Enchantment,
6516e6e5b38546ba8e5e58fd,Limited Edition Alpha,17,Death Ward,White,1,{w},Instant,
6516e6e5b38546ba8e5e58fe,Limited Edition Alpha,18,Disenchant,White,2,{1} {w},Instant,
6516e6e5b38546ba8e5e58ff,Limited Edition Alpha,19,Farmstead,White,3,{w} {w} {w},Enchantment,Aura
6516e6e5b38546ba8e5e5900,Limited Edition Alpha,20,Green Ward,White,1,{w},Enchantment,Aura
6516e6e5b38546ba8e5e5901,Limited Edition Alpha,21,Guardian Angel,White,1,{x} {w},Instant,
6516e6e5b38546ba8e5e5902,Limited Edition Alpha,22,Healing Salve,White,1,{w},Instant,
6516e6e5b38546ba8e5e5903,Limited Edition Alpha,23,Holy Armor,White,1,{w},Enchantment,Aura
6516e6e5b38546ba8e5e5904,Limited Edition Alpha,24,Holy Strength,White,1,{w},Enchantment,Aura
6516e6e5b38546ba8e5e5905,Limited Edition Alpha,25,Island Sanctuary,White,2,{1} {w},Enchantment,
6516e6e5b38546ba8e5e5906,Limited Edition Alpha,26,Karma,White,4,{2} {w} {w},Enchantment,
6516e6e5b38546ba8e5e5907,Limited Edition Alpha,27,Lance,White,1,{w},Enchantment,Aura
6516e6e5b38546ba8e5e5908,Limited Edition Alpha,28,Mesa Pegasus,White,2,{1} {w},Creature,Pegasus
6516e6e5b38546ba8e5e5909,Limited Edition Alpha,29,Northern Paladin,White,4,{2} {w} {w},Creature,Human Knight
6516e6e5b38546ba8e5e590a,Limited Edition Alpha,30,Pearled Unicorn,White,3,{2} {w},Creature,Unicorn
6516e6e5b38546ba8e5e590b,Limited Edition Alpha,31,Personal Incarnation,White,6,{3} {w} {w} {w},Creature,Avatar Incarnation
6516e6e5b38546ba8e5e590c,Limited Edition Alpha,32,Purelance,White,1,{w},Instant,
6516e6e5b38546ba8e5e590d,Limited Edition Alpha,33,Red Ward,White,1,{w},Enchantment,Aura
6516e6e5b38546ba8e5e590e,Limited Edition Alpha,34,Resurrection,White,4,{2} {w} {w},Sorcery,
6516e6e5b38546ba8e5e590f,Limited Edition Alpha,35,Reverse Damage,White,3,{2} {w},Instant,
6516e6e5b38546ba8e5e5910,Limited Edition Alpha,36,Righteousness,White,1,{w},Instant,
6516e6e5b38546ba8e5e5911,Limited Edition Alpha,37,Samite Healer,White,2,{1} {w},Creature,Human Cleric
6516e6e5b38546ba8e5e5912,Limited Edition Alpha,38,Savannah Lions,White,1,{w},Creature,Cat
6516e6e5b38546ba8e5e5913,Limited Edition Alpha,39,Serra Angel,White,5,{3} {w} {w},Creature,Angel
6516e6e5b38546ba8e5e5914,Limited Edition Alpha,40,Swords to Plowshares,White,1,{w},Instant,
6516e6e5b38546ba8e5e5915,Limited Edition Alpha,41,Veteran Bodygaurd,White,5,{3} {w} {w},Creature,Human
6516e6e5b38546ba8e5e5916,Limited Edition Alpha,42,Wall of Swords,White,4,{3} {w},Creature,Wall
6516e6e5b38546ba8e5e5917,Limited Edition Alpha,43,White Knight,White,2,{w} {w},Creature,Human Knight
6516e6e5b38546ba8e5e5918,Limited Edition Alpha,44,White Ward,White,1,{w},Enchantment,Aura
6516e6e5b38546ba8e5e5919,Limited Edition Alpha,45,Wrath of God,White,4,{2} {w} {w},Sorcery,
6516e6e5b38546ba8e5e591a,Limited Edition Alpha,46,Air Elemental,Blue,5,{3} {blu} {blu},Creature,Elemental
6516e6e5b38546ba8e5e591b,Limited Edition Alpha,47,Ancestral Recall,Blue,1,{blu},Instant,
6516e6e5b38546ba8e5e591c,Limited Edition Alpha,48,Animate Artifact,Blue,4,{3} {blu},Enchantment,Aura
6516e6e5b38546ba8e5e591d,Limited Edition Alpha,49,Blue Elemental Blast,Blue,1,{blu},Instant,
6516e6e5b38546ba8e5e591e,Limited Edition Alpha,50,Braingeyeser,Blue,2,{x} {blu} {blu},Sorcery,
6516e6e5b38546ba8e5e591f,Limited Edition Alpha,51,Clone,Blue,4,{3} {blu},Creature,Shapeshifter
6516e6e5b38546ba8e5e5920,Limited Edition Alpha,52,Control Magic,Blue,4,{2} {blu} {blu},Enchantment,Aura
6516e6e5b38546ba8e5e5921,Limited Edition Alpha,53,Copy Artifact,Blue,2,{1} {blu},Enchantment,
6516e6e5b38546ba8e5e5922,Limited Edition Alpha,54,Counterspell,Blue,2,{blu} {blu},Instant,
6516e6e5b38546ba8e5e5923,Limited Edition Alpha,55,Creature Bond,Blue,2,{1} {blu},Enchantment,Aura
6516e6e5b38546ba8e5e5924,Limited Edition Alpha,56,Drain Power,Blue,2,{blu} {blu},Sorcery,
6516e6e5b38546ba8e5e5925,Limited Edition Alpha,57,Feedback,Blue,3,{1} {blu} {blu},Enchantment,Aura
6516e6e5b38546ba8e5e5926,Limited Edition Alpha,58,Flight,Blue,1,{blu},Enchantment,Aura
6516e6e5b38546ba8e5e5927,Limited Edition Alpha,59,Invisibility,Blue,2,{blu} {blu},Enchantment,Aura
6516e6e5b38546ba8e5e5928,Limited Edition Alpha,60,Jump,Blue,1,{blu},Instant,
6516e6e5b38546ba8e5e5929,Limited Edition Alpha,61,Lifetap,Blue,2,{blu} {blu},Enchantment,
6516e6e5b38546ba8e5e592a,Limited Edition Alpha,62,Lord of Atlantis,Blue,2,{blu} {blu},Creature,Merfolk
6516e6e5b38546ba8e5e592b,Limited Edition Alpha,63,Magical Hack,Blue,1,{blu},Instant,
6516e6e5b38546ba8e5e592c,Limited Edition Alpha,64,Mahamoti Djinn,Blue,6,{4} {blu} {blu},Creature,Djinn
6516e6e5b38546ba8e5e592d,Limited Edition Alpha,65,Mana Short,Blue,3,{2} {blu},Instant,
6516e6e5b38546ba8e5e592e,Limited Edition Alpha,66,Merfolk of the Pearl Trident,Blue,1,{blu},Creature,Merfolk
6516e6e5b38546ba8e5e592f,Limited Edition Alpha,67,Phantasamal Forces,Blue,4,{3} {blu},Creature,Illusion
6516e6e5b38546ba8e5e5930,Limited Edition Alpha,68,Phantasamal Terrain,Blue,2,{blu} {blu},Enchantment,Aura
6516e6e5b38546ba8e5e5931,Limited Edition Alpha,69,Phantom Monster,Blue,4,{3} {blu},Creature,Illusion
6516e6e5b38546ba8e5e5932,Limited Edition Alpha,70,Pirate Ship,Blue,5,{4} {blu},Creature,Human Pirate
6516e6e5b38546ba8e5e5933,Limited Edition Alpha,71,Power Leak,Blue,2,{1} {blu},Enchantment,Aura
6516e6e5b38546ba8e5e5934,Limited Edition Alpha,72,Power Sink,Blue,1,{x} {blu} ,Instant,
6516e6e5b38546ba8e5e5935,Limited Edition Alpha,73,Prodigal Sorcerer,Blue,3,{2} {blu},Creature,Human Wizard
6516e6e5b38546ba8e5e5936,Limited Edition Alpha,74,Psionic Blast,Blue,3,{2} {blu},Instant,
6516e6e5b38546ba8e5e5937,Limited Edition Alpha,75,Psychic Venom,Blue ,2,{1} {blu},Enchantment,Aura
6516e6e5b38546ba8e5e5938,Limited Edition Alpha,76,Sea Serpent,Blue,6,{5} {blu},Creature,Serpent
6516e6e5b38546ba8e5e5939,Limited Edition Alpha,77,Sirens call,Blue,1,{blu},Instant,
6516e6e5b38546ba8e5e593a,Limited Edition Alpha,78,Sleight of Mind,Blue,1,{blu},Instant,
6516e6e5b38546ba8e5e593b,Limited Edition Alpha,79,Spell Blast,Blue,1,{x} {blu} ,Instant,
6516e6e5b38546ba8e5e593c,Limited Edition Alpha,80,Stasis,Blue,2,{1} {blu},Enchantment,
6516e6e5b38546ba8e5e593d,Limited Edition Alpha,81,Steal Artifact,Blue,4,{2} {blu} {blu},Enchantment,Aura
6516e6e5b38546ba8e5e593e,Limited Edition Alpha,82,Thoughtlace,Blue,1,{blu},Instant,
6516e6e5b38546ba8e5e593f,Limited Edition Alpha,83,Time Walk,Blue,2,{blu},Sorcery,
6516e6e5b38546ba8e5e5940,Limited Edition Alpha,84,Timetwister,Blue,3,{2} {blu},Sorcery,
6516e6e5b38546ba8e5e5941,Limited Edition Alpha,85,Twindle,Blue,1,{blu},Instant,
6516e6e5b38546ba8e5e5942,Limited Edition Alpha,86,Unsummon,Blue,1,{blu},Instant,
6516e6e5b38546ba8e5e5943,Limited Edition Alpha,87,Vesuvan Doppelganger,Blue,5,{3} {blu} {blu},Creature,Shapeshifter
6516e6e5b38546ba8e5e5944,Limited Edition Alpha,88,Volcanic Eruption,Blue,3,{x} {blu} {blu} {blu},Sorcery,
6516e6e5b38546ba8e5e5945,Limited Edition Alpha,89,Wall of Air,Blue,3,{1} {blu} {blu},Creature,Wall
6516e6e5b38546ba8e5e5946,Limited Edition Alpha,90,Wall of Water,Blue,3,{1} {blu} {blu},Creature,Wall
6516e6e5b38546ba8e5e5947,Limited Edition Alpha,91,Water Elemental,Blue,5,{3} {blu} {blu},Creature,Elemental
6516e6e5b38546ba8e5e5948,Limited Edition Alpha,92,Animate Dead,Black,2,{1} {blk},Enchantment,Aura
6516e6e5b38546ba8e5e5949,Limited Edition Alpha,93,Bad Moon,Black,2,{1} {blk},Enchantment,
6516e6e5b38546ba8e5e594a,Limited Edition Alpha,94,Black Knight,Black,2,{blk} {blk},Creature,Human Knight
6516e6e5b38546ba8e5e594b,Limited Edition Alpha,95,Bog Wraith,Black,4,{3} {blk},Creature,Wraith
6516e6e5b38546ba8e5e594c,Limited Edition Alpha,96,Contract from Below,Black,1,{blk},Sorcery,
6516e6e5b38546ba8e5e594d,Limited Edition Alpha,97,Cursed Land,Black,4,{2} {blk} {blk},Enchantment,Aura
6516e6e5b38546ba8e5e594e,Limited Edition Alpha,98,Dark Ritual,Black,1,{blk},Instant,
6516e6e5b38546ba8e5e594f,Limited Edition Alpha,99,Darkpact,Black,3,{blk} {blk} {blk},Sorcery,
6516e6e5b38546ba8e5e5950,Limited Edition Alpha,100,Deathgrip,Black,2,{blk} {blk},Enchantment,
6516e6e5b38546ba8e5e5951,Limited Edition Alpha,101,Deathlance,Black,1,{blk},Instant,
6516e6e5b38546ba8e5e5952,Limited Edition Alpha,102,Demonic Attorney,Black,3,{1} {blk} {blk},Sorcery,
6516e6e5b38546ba8e5e5953,Limited Edition Alpha,103,Demonic Hordes,Black,6,{3} {blk} {blk} {blk},Creature,Demon
6516e6e5b38546ba8e5e5954,Limited Edition Alpha,104,Demonic Tutor,Black,2,{1} {blk},Sorcery,
6516e6e5b38546ba8e5e5955,Limited Edition Alpha,105,Drain Life,Black,2,{x} {1} {blk},Sorcery,
6516e6e5b38546ba8e5e5956,Limited Edition Alpha,106,Drudge Skeletons,Black,2,{1} {blk},Creature,Skeleton
6516e6e5b38546ba8e5e5957,Limited Edition Alpha,107,Evil Presence,Black,1,{blk},Enchantment,Aura
6516e6e5b38546ba8e5e5958,Limited Edition Alpha,108,Fear,Black,2,{blk} {blk},Enchantment,Aura
6516e6e5b38546ba8e5e5959,Limited Edition Alpha,109,Frozen Shade,Black,3,{2} {blk} ,Creature,Shade
6516e6e5b38546ba8e5e595a,Limited Edition Alpha,110,Gloom,Black,3,{2} {blk},Enchantment,
6516e6e5b38546ba8e5e595b,Limited Edition Alpha,111,Howl From Beyond,Black,1,{x} {blk},Instant,
6516e6e5b38546ba8e5e595c,Limited Edition Alpha,112,Hypnotic Specter,Black,3,{1} {blk} {blk},Creature,Specter
6516e6e5b38546ba8e5e595d,Limited Edition Alpha,113,Lich,Black,4,{blk} {blk} {blk} {blk},Enchantment,
6516e6e5b38546ba8e5e595e,Limited Edition Alpha,114,Lord of the Pit,Black,7,{4} {blk} {blk} {blk},Creature,Demon
6516e6e5b38546ba8e5e595f,Limited Edition Alpha,115,Mind Twist,Black,1,{x} {blk},Sorcery,
6516e6e5b38546ba8e5e5960,Limited Edition Alpha,116,Nether Shadow,Black,2,{blk} {blk},Creature,Spirit
6516e6e5b38546ba8e5e5961,Limited Edition Alpha,117,Nettling Imp,Black,3,{2} {blk},Creature,Imp
6516e6e5b38546ba8e5e5962,Limited Edition Alpha,118,Nightmare,Black,6,{5} {blk},Creature,Nightmare Horse
6516e6e5b38546ba8e5e5963,Limited Edition Alpha,119,Paralyze,Black,1,{blk},Enchantment,Aura
6516e6e5b38546ba8e5e5964,Limited Edition Alpha,120,Pestilence,Black,4,{2} {blk} {blk},Enchantment,
6516e6e5b38546ba8e5e5965,Limited Edition Alpha,121,Plague Rats,Black,3,{2} {blk},Creature,Rat
6516e6e5b38546ba8e5e5966,Limited Edition Alpha,122,Raise Dead,Black,1,{blk},Sorcery,
6516e6e5b38546ba8e5e5967,Limited Edition Alpha,123,Royal Assassin,Black,3,{1} {blk} {blk},Creature,Human Assassin
6516e6e5b38546ba8e5e5968,Limited Edition Alpha,124,Sacrifice,Black,1,{blk},Instant,
6516e6e5b38546ba8e5e5969,Limited Edition Alpha,125,Scathe Zombies,Black,3,{2} {blk},Creature,Zombie
6516e6e5b38546ba8e5e596a,Limited Edition Alpha,126,Scavenging Ghoul,Black,4,{3} {blk},Creature,Zombie
6516e6e5b38546ba8e5e596b,Limited Edition Alpha,127,Sengir Vampire,Black,5,{3} {blk} {blk},Creature,Vampire
6516e6e5b38546ba8e5e596c,Limited Edition Alpha,128,Simulacrum,Black,2,{1} {blk},Instant,
6516e6e5b38546ba8e5e596d,Limited Edition Alpha,129,Sinkhole,Black,2,{blk} {blk},Sorcery,
6516e6e5b38546ba8e5e596e,Limited Edition Alpha,130,Terror,Black,2,{1} {blk},Instant,
6516e6e5b38546ba8e5e596f,Limited Edition Alpha,131,Unholy Strength,Black,1,{blk},Enchantment,Aura
6516e6e5b38546ba8e5e5970,Limited Edition Alpha,132,Wall of Bone,Black,3,{2} {blk},Creature,Skeleton Wall
6516e6e5b38546ba8e5e5971,Limited Edition Alpha,133,Warp Artifact,Black,2,{blk} {blk},Enchantment,Aura
6516e6e5b38546ba8e5e5972,Limited Edition Alpha,134,Weakness,Black,1,{blk},Enchantment,Aura
6516e6e5b38546ba8e5e5973,Limited Edition Alpha,135,Will-o'-the'Wisp,Black,1,{blk},Creature,Spirit
6516e6e5b38546ba8e5e5974,Limited Edition Alpha,136,Word of Command,Black,2,{blk} {blk},Instant,
6516e6e5b38546ba8e5e5975,Limited Edition Alpha,137,Zombie Master,Black,3,{1} {blk} {blk},Creature,Zombie
6516e6e5b38546ba8e5e5976,Limited Edition Alpha,138,Burrowing,Red,1,{r},Enchantment,Aura
6516e6e5b38546ba8e5e5977,Limited Edition Alpha,139,Chaoslace,Red,1,{r},Instant,
6516e6e5b38546ba8e5e5978,Limited Edition Alpha,140,Disintegrate,Red,1,{x} {r},Sorcery,
6516e6e5b38546ba8e5e5979,Limited Edition Alpha,141,Drawon Whelp,Red,4,{2} {r} {r},Creature,Dragon
6516e6e5b38546ba8e5e597a,Limited Edition Alpha,142,Dwarven Demolition Team,Red,3,{2} {r},Creature,Dwarf
6516e6e5b38546ba8e5e597b,Limited Edition Alpha,143,Dwarven Warriors,Red,3,{2} {r},Creature,Dwarf Warriors
6516e6e5b38546ba8e5e597c,Limited Edition Alpha,144,Earth Elemental,Red,5,{3} {r} {r},Creature,Elemental
6516e6e5b38546ba8e5e597d,Limited Edition Alpha,145,Earthbind,Red,1,{r},Enchantment,Aura
6516e6e5b38546ba8e5e597e,Limited Edition Alpha,146,Earthquake,Red,1,{x} {r},Sorcery,
6516e6e5b38546ba8e5e597f,Limited Edition Alpha,147,False Orders,Red,1,{r},Instant,
6516e6e5b38546ba8e5e5980,Limited Edition Alpha,148,Fire Elemental,Red,5,{3} {r} {r},Creature,Elemental
6516e6e5b38546ba8e5e5981,Limited Edition Alpha,149,Fireball,Red,1,{x} {r},Sorcery,
6516e6e5b38546ba8e5e5982,Limited Edition Alpha,150,Firebreathing,Red,1,{r},Enchantment,Aura
6516e6e5b38546ba8e5e5983,Limited Edition Alpha,151,Flashfires,Red,4,{3} {r},Sorcery,
6516e6e5b38546ba8e5e5984,Limited Edition Alpha,152,Fork,Red,2,{r} {r},Instant,
6516e6e5b38546ba8e5e5985,Limited Edition Alpha,153,Goblin Balloon Brigade,Red,1,{r},Instant,
6516e6e5b38546ba8e5e5986,Limited Edition Alpha,154,Goblin King,Red,3,{1} {r} {r},Creature,Aura
6516e6e5b38546ba8e5e5987,Limited Edition Alpha,155,Granite Gargoyle,Red,3,{2} {r},Creature,Gargoyle
6516e6e5b38546ba8e5e5988,Limited Edition Alpha,156,Gray Ogre,Red,3,{2} {r},Creature,Ogre
6516e6e5b38546ba8e5e5989,Limited Edition Alpha,157,Hill Giant,Red,4,{3} {r},Creature,Giant
6516e6e5b38546ba8e5e598a,Limited Edition Alpha,158,Hurloon Minotaur,Red,3,{1} {r} {r},Creature,Minotaur
6516e6e5b38546ba8e5e598b,Limited Edition Alpha,159,Ironclaws Orcs,Red,2,{1} {r},Creature,Orcs
6516e6e5b38546ba8e5e598c,Limited Edition Alpha,160,Keldon Warlord,Red,4,{2}{r}{r},Creature,Human Barbarian
6516e6e5b38546ba8e5e598d,Limited Edition Alpha,161,Lightning Bolt,Red,1,{r},Instant,
6516e6e5b38546ba8e5e598e,Limited Edition Alpha,162,Mana Flare,Red,3,{2}{r},Enchantment,
6516e6e5b38546ba8e5e598f,Limited Edition Alpha,163,Manabarbas,Red,4,{3}{r},Enchantment,
6516e6e5b38546ba8e5e5990,Limited Edition Alpha,164,Mon's Goblin Raiders,Red,1,{r},Creature,Goblin
6516e6e5b38546ba8e5e5991,Limited Edition Alpha,165,Orcish Artillery,Red,3,{1}{r}{r},Creature,Orc Warrior
6516e6e5b38546ba8e5e5992,Limited Edition Alpha,166,Orcish Oriflamme,Red,4,{3}{r},Enchantment,
6516e6e5b38546ba8e5e5993,Limited Edition Alpha,167,Power Surge,Red,2,{r}{r},Enchantment,
6516e6e5b38546ba8e5e5994,Limited Edition Alpha,168,Raging River,Red,2,{r}{r},Enchantment,
6516e6e5b38546ba8e5e5995,Limited Edition Alpha,169,Red Elemental Blast,Red,1,{r},Instant,
6516e6e5b38546ba8e5e5996,Limited Edition Alpha,170,Roc of Kher Ridges,Red,4,{3}{r},Creature,Bird
6516e6e5b38546ba8e5e5997,Limited Edition Alpha,171,Rock Hydra,Red,2,{x}{r}{r},Creature,Hydra
6516e6e5b38546ba8e5e5998,Limited Edition Alpha,172,Sedge Troll,Red,3,{2}{r},Creature,Troll
6516e6e5b38546ba8e5e5999,Limited Edition Alpha,173,Shatter,Red,2,{1}{r},Instant,
6516e6e5b38546ba8e5e599a,Limited Edition Alpha,174,Shivan Dragon,Red,6,{4}{r}{r},Creature,Dragon
6516e6e5b38546ba8e5e599b,Limited Edition Alpha,175,Smoke,Red,2,{r}{r},Enchantment,
6516e6e5b38546ba8e5e599c,Limited Edition Alpha,176,Stone Giant,Red,4,{2}{r}{r},Creature,Giant
6516e6e5b38546ba8e5e599d,Limited Edition Alpha,177,Stone Rain,Red,3,{2}{r},Sorcery,
6516e6e5b38546ba8e5e599e,Limited Edition Alpha,178,Tunnel,Red,1,{r},Instant,
6516e6e5b38546ba8e5e599f,Limited Edition Alpha,179,Two-Headed Giant of Foriys,Red,5,{4}{r},Creature,Giant
6516e6e5b38546ba8e5e59a0,Limited Edition Alpha,180,Uthden Troll,Red,3,{2}{r},Creature,Troll
6516e6e5b38546ba8e5e59a1,Limited Edition Alpha,181,Wall of Fire,Red,3,{1}{r}{r},Creature,Wall
6516e6e5b38546ba8e5e59a2,Limited Edition Alpha,182,Wall of stone,Red,3,{1}{r}{r},Creature,Wall
6516e6e5b38546ba8e5e59a3,Limited Edition Alpha,183,Wheel of Fortune,Red,3,{2}{r},Sorcery,
6516e6e5b38546ba8e5e59a4,Limited Edition Alpha,184,Aspect of Wolf,Green,2,{1}{g},Enchantment,Aura
6516e6e5b38546ba8e5e59a5,Limited Edition Alpha,185,Berserk,Green,1,{g},Instant,
6516e6e5b38546ba8e5e59a6,Limited Edition Alpha,186,Birds of Paradise,Green,1,{g},Creature,Bird
6516e6e5b38546ba8e5e59a7,Limited Edition Alpha,187,Camouflage,Green,1,{g},Instant,
6516e6e5b38546ba8e5e59a8,Limited Edition Alpha,188,Channel,Green,2,{g}{g},Sorcery,
6516e6e5b38546ba8e5e59a9,Limited Edition Alpha,189,Cockatrice,Green,5,{g}{g},Creature,Cockatrice
6516e6e5b38546ba8e5e59aa,Limited Edition Alpha,190,Craw Wurm,Green,6,{4}{g}{g},Creature,Wurm
6516e6e5b38546ba8e5e59ab,Limited Edition Alpha,191,Elvish Archers,Green,2,{1}{g},Creature,Elf Archer
6516e6e5b38546ba8e5e59ac,Limited Edition Alpha,192,Fastbond,Green,1,{g},Enchantment,
6516e6e5b38546ba8e5e59ad,Limited Edition Alpha,193,Fog,Green,1,{g},Instant,
6516e6e5b38546ba8e5e59ae,Limited Edition Alpha,194,Force of Nature,Green,6,{2}{g}{g}{g}{g},Creature,Elemental
6516e6e5b38546ba8e5e59af,Limited Edition Alpha,195,Fungusaur,Green,4,{3}{g},Creature,Fungus Dinosaur
6516e6e5b38546ba8e5e59b0,Limited Edition Alpha,196,Gaea's Liege,Green,6,{3}{g}{g}{g},Creature,Avatar
6516e6e5b38546ba8e5e59b1,Limited Edition Alpha,197,Giant Growth,Green,1,{g},Instant,
6516e6e5b38546ba8e5e59b2,Limited Edition Alpha,198,Giant Spider,Green,4,{3}{g},Creature,Spider
6516e6e5b38546ba8e5e59b3,Limited Edition Alpha,199,Grizzly Bear,Green,2,{1}{g},Creature,Bear
6516e6e5b38546ba8e5e59b4,Limited Edition Alpha,200,Hurricane,Green,1,{x}{g},Sorcery,
6516e6e5b38546ba8e5e59b5,Limited Edition Alpha,201,Ice Storm,Green,3,{2}{g},Sorcery,
6516e6e5b38546ba8e5e59b6,Limited Edition Alpha,202,Instill Energy,Green,1,{g},Enchantment,Aura
6516e6e5b38546ba8e5e59b7,Limited Edition Alpha,203,Ironroot Treefolk,Green,5,{4}{g},Creature,Treefolk
6516e6e5b38546ba8e5e59b8,Limited Edition Alpha,204,Kudzu,Green,3,{1}{g}{g},Enchantment,Aura
6516e6e5b38546ba8e5e59b9,Limited Edition Alpha,205,Ley Druid,Green ,3,{2}{g},Creature,Human Druid
6516e6e5b38546ba8e5e59ba,Limited Edition Alpha,206,Lifeforce,Green,2,{g}{g},Enchantment,
6516e6e5b38546ba8e5e59bb,Limited Edition Alpha,207,Lifelance,Green,1,{g},Instant,
6516e6e5b38546ba8e5e59bc,Limited Edition Alpha,208,Living Artifact,Green,1,{g},Enchantment,Aura
6516e6e5b38546ba8e5e59bd,Limited Edition Alpha,209,Living Lands,Green,1,{g},Enchantment,
6516e6e5b38546ba8e5e59be,Limited Edition Alpha,210,Llanowar Elves,Green,1,{g},Creature,Elf Druid
6516e6e5b38546ba8e5e59bf,Limited Edition Alpha,211,Lure,Green,3,{1}{g}{g},Enchantment,Aura
6516e6e5b38546ba8e5e59c0,Limited Edition Alpha,212,Natural Selection,Green,1,{g},Instant,
6516e6e5b38546ba8e5e59c1,Limited Edition Alpha,213,Regeneration,Green,2,{1}{g},Enchantment,Aura
6516e6e5b38546ba8e5e59c2,Limited Edition Alpha,214,Regrowth,Green,2,{1}{g},Sorcery,
6516e6e5b38546ba8e5e59c3,Limited Edition Alpha,215,Scryb Sprites,Green,1,{g},Creature,Faerie
6516e6e5b38546ba8e5e59c4,Limited Edition Alpha,216,Shanodin Dryads,Green,1,{g},Creature,Nymph Dryad
6516e6e5b38546ba8e5e59c5,Limited Edition Alpha,217,Stream of Life,Green,1,{x}{g},Sorcery,
6516e6e5b38546ba8e5e59c6,Limited Edition Alpha,218,Thicket Basilisk,Green,5,{3}{g}{g},Creature,Basilisk
6516e6e5b38546ba8e5e59c7,Limited Edition Alpha,219,Timber Wolves,Green,1,{g},Creature,Wolf
6516e6e5b38546ba8e5e59c8,Limited Edition Alpha,220,Tranquility,Green,3,{g},Sorcery,
6516e6e5b38546ba8e5e59c9,Limited Edition Alpha,221,Tsunami,Green,4,{g},Sorcery,
6516e6e5b38546ba8e5e59ca,Limited Edition Alpha,222,Verduran Enchantress,Green,3,{1}{g}{g},Creature,Human Druid
6516e6e5b38546ba8e5e59cb,Limited Edition Alpha,223,Wall of Brambles,Green,3,{2}{g},Creature,Plant Wall
6516e6e5b38546ba8e5e59cc,Limited Edition Alpha,224,Wall of Ice,Green,3,{2}{g},Creature,Wall
6516e6e5b38546ba8e5e59cd,Limited Edition Alpha,225,Wall of Wood,Green,1,{g},Creature,Wall
6516e6e5b38546ba8e5e59ce,Limited Edition Alpha,226,Wanderlust,Green,3,{2}{g},Enchantment,Aura
6516e6e5b38546ba8e5e59cf,Limited Edition Alpha,227,War Mammoth,Green,4,{3}{g},Creature,Elephant
6516e6e5b38546ba8e5e59d0,Limited Edition Alpha,228,Web,Green,1,{g},Enchantment,Aura
6516e6e5b38546ba8e5e59d1,Limited Edition Alpha,229,Wild Growth,Green,1,{g},Enchantment,Aura
6516e6e5b38546ba8e5e59d2,Limited Edition Alpha,230,Ankh of Mishra,Colorless,2,{2},Artifact,
6516e6e5b38546ba8e5e59d3,Limited Edition Alpha,231,Basalt Monolith,Colorless,3,{3},Artifact,
6516e6e5b38546ba8e5e59d4,Limited Edition Alpha,232,Black Lotus,Colorless,0,{0},Artifact,
6516e6e5b38546ba8e5e59d5,Limited Edition Alpha,233,Black Vise,Colorless,1,{1},Artifact,
6516e6e5b38546ba8e5e59d6,Limited Edition Alpha,234,Celestial Prism,Colorless,3,{3},Artifact,
6516e6e5b38546ba8e5e59d7,Limited Edition Alpha,235,Chaos Orb,Colorless,2,{2},Artifact,
6516e6e5b38546ba8e5e59d8,Limited Edition Alpha,236,Clockwork Beast,Colorless,6,{6},Artifact Creature,Beast
6516e6e5b38546ba8e5e59d9,Limited Edition Alpha,237,Conservator,Colorless,4,{4},Artifact,
6516e6e5b38546ba8e5e59da,Limited Edition Alpha,238,Copper Tablet,Colorless,2,{2},Artifact,
6516e6e5b38546ba8e5e59db,Limited Edition Alpha,239,Crystal Rod,Colorless,1,{1},Artifact,
6516e6e5b38546ba8e5e59dc,Limited Edition Alpha,240,Cyclopean Tomb,Colorless,4,{4},Artifact,
6516e6e5b38546ba8e5e59dd,Limited Edition Alpha,241,Dingus Egg,Colorless,4,{4},Artifact,
6516e6e5b38546ba8e5e59de,Limited Edition Alpha,242,Disrupting Scepter,Colorless,3,{3},Artifact,
6516e6e5b38546ba8e5e59df,Limited Edition Alpha,243,Forcefield,Colorless,3,{3},Artifact,
6516e6e5b38546ba8e5e59e0,Limited Edition Alpha,244,Gauntlet of Might,Colorless,4,{4},Artifact,
6516e6e5b38546ba8e5e59e1,Limited Edition Alpha,245,Glasses of Urza,Colorless,1,{1},Artifact,
6516e6e5b38546ba8e5e59e2,Limited Edition Alpha,246,Helm of Chatzuk,Colorless,1,{1},Artifact,
6516e6e5b38546ba8e5e59e3,Limited Edition Alpha,247,Howling Mine,Colorless,2,{2},Artifact,
6516e6e5b38546ba8e5e59e4,Limited Edition Alpha,248,Icy Manipulator,Colorless,4,{4},Artifact,
6516e6e5b38546ba8e5e59e5,Limited Edition Alpha,249,Illusionary Mask,Colorless,2,{2},Artifact,
6516e6e5b38546ba8e5e59e6,Limited Edition Alpha,250,Iron Star,Colorless,1,{1},Artifact,
6516e6e5b38546ba8e5e59e7,Limited Edition Alpha,251,Ivory Cup,Colorless,1,{1},Artifact,
6516e6e5b38546ba8e5e59e8,Limited Edition Alpha,252,Jade Monolith,Colorless,4,{4},Artifact,
6516e6e5b38546ba8e5e59e9,Limited Edition Alpha,253,Jade Statue,Colorless,4,{4},Artifact,
6516e6e5b38546ba8e5e59ea,Limited Edition Alpha,254,Jayemdae Tome,Colorless,4,{4},Artifact,
6516e6e5b38546ba8e5e59eb,Limited Edition Alpha,255,Juggernaut,Colorless,4,{4},Artifact Creature,Juggernaut
6516e6e5b38546ba8e5e59ec,Limited Edition Alpha,256,Kormus Bell,Colorless,4,{4},Artifact,
6516e6e5b38546ba8e5e59ed,Limited Edition Alpha,257,Library of Leng,Colorless,1,{1},Artifact,
6516e6e5b38546ba8e5e59ee,Limited Edition Alpha,258,Living Wall,Colorless,4,{4},Artifact Creature,Wall
6516e6e5b38546ba8e5e59ef,Limited Edition Alpha,259,Mana Vault,Colorless,1,{1},Artifact,
6516e6e5b38546ba8e5e59f0,Limited Edition Alpha,260,Meekstone,Colorless,1,{1},Artifact,
6516e6e5b38546ba8e5e59f1,Limited Edition Alpha,261,Mox Emerald,Colorless,0,{0},Artifact,
6516e6e5b38546ba8e5e59f2,Limited Edition Alpha,262,Mox Jet,Colorless,0,{0},Artifact,
6516e6e5b38546ba8e5e59f3,Limited Edition Alpha,263,Mox Pearl,Colorless,0,{0},Artifact,
6516e6e5b38546ba8e5e59f4,Limited Edition Alpha,264,Mox Ruby,Colorless,0,{0},Artifact,
6516e6e5b38546ba8e5e59f5,Limited Edition Alpha,265,Mox Saphire,Colorless,0,{0},Artifact,
6516e6e5b38546ba8e5e59f6,Limited Edition Alpha,266,Nevinyrral's Disk,Colorless,4,{4},Artifact,
6516e6e5b38546ba8e5e59f7,Limited Edition Alpha,267,Obsianus Golem,Colorless,6,{6},Artifact Creature,Golem
6516e6e5b38546ba8e5e59f8,Limited Edition Alpha,268,Rod of Ruin,Colorless,4,{4},Artifact,
6516e6e5b38546ba8e5e59f9,Limited Edition Alpha,269,Sol Ring,Colorless,1,{1},Artifact,
6516e6e5b38546ba8e5e59fa,Limited Edition Alpha,270,Soul Net,Colorless,1,{1},Artifact,
6516e6e5b38546ba8e5e59fb,Limited Edition Alpha,271,Sunglasses of Urza,Colorless,3,{3},Artifact,
6516e6e5b38546ba8e5e59fc,Limited Edition Alpha,272,The Hive,Colorless,5,{5},Artifact,
6516e6e5b38546ba8e5e59fd,Limited Edition Alpha,273,Throne of Bone,Colorless,1,{1},Artifact,
6516e6e5b38546ba8e5e59fe,Limited Edition Alpha,274,Time Vault,Colorless,2,{2},Artifact,
6516e6e5b38546ba8e5e59ff,Limited Edition Alpha,275,Winter Orb,Colorless,2,{2},Artifact,
6516e6e5b38546ba8e5e5a00,Limited Edition Alpha,278,Wooden Sphere,Colorless,1,{1},Artifact,
6516e6e5b38546ba8e5e5a01,Limited Edition Alpha,279,Badlands,Colorless,0,,Land,Swamp Mountain
6516e6e5b38546ba8e5e5a02,Limited Edition Alpha,280,Bayou,Colorless,0,,Land,Swamp Forest
6516e6e5b38546ba8e5e5a03,Limited Edition Alpha,281,Plateau,Colorless,0,,Land,Mountain Plains
6516e6e5b38546ba8e5e5a04,Limited Edition Alpha,282,Savannah ,Colorless,0,,Land,Forest Plains
6516e6e5b38546ba8e5e5a05,Limited Edition Alpha,283,Scrubland,Colorless,0,,Land,Plains Swamp
6516e6e5b38546ba8e5e5a06,Limited Edition Alpha,284,Taiga,Colorless,0,,Land,Mountain Forest
6516e6e5b38546ba8e5e5a07,Limited Edition Alpha,285,Tropical Island,Colorless,0,,Land,Forest Island
6516e6e5b38546ba8e5e5a08,Limited Edition Alpha,286,Tundra,Colorless,0,,Land,Plains Island
6516e6e5b38546ba8e5e5a09,Limited Edition Alpha,287,Underground Sea,Colorless,0,,Land,Island Swamp
6516e6e5b38546ba8e5e5a0a,Limited Edition Alpha,288,Plains,Colorless,0,,Basic Land,Plains
6516e6e5b38546ba8e5e5a0b,Limited Edition Alpha,289,Plains,Colorless,0,,Basic Land,Plains
6516e6e5b38546ba8e5e5a0c,Limited Edition Alpha,290,Island,Colorless,0,,Basic Land,Island
6516e6e5b38546ba8e5e5a0d,Limited Edition Alpha,291,Island,Colorless,0,,Basic Land,Island
6516e6e5b38546ba8e5e5a0e,Limited Edition Alpha,292,Swamp,Colorless,0,,Basic Land,Swamp
6516e6e5b38546ba8e5e5a0f,Limited Edition Alpha,293,Swamp,Colorless,0,,Basic Land,Swamp
6516e6e5b38546ba8e5e5a10,Limited Edition Alpha,294,Mountain,Colorless,0,,Basic Land,Mountain
6516e6e5b38546ba8e5e5a11,Limited Edition Alpha,295,Mountain,Colorless,0,,Basic Land,Mountain
6516e6e5b38546ba8e5e5a12,Limited Edition Alpha,296,Forest,Colorless,0,,Basic Land,Forest
6516e6e5b38546ba8e5e5a13,Limited Edition Alpha,297,Forest,Colorless,0,,Basic Land,Forest
